ep,acc,multi_acc
2000,0.6889258737677634,0.6295697777235723
